sim_index,success,n_nodes,n_elems,coverage_percent,almen_MPa,V,D_mm,n_shots,pattern_mode,elapsed_s,error
0,True,2601,2500,30.04378669078832,-1902.805376,47.2936590562509,0.4888506996347092,27,uniform,0.8359862000215799,
1,True,2601,2500,98.66899698196092,-5517.105152,42.91375686450898,0.9653245874281547,103,sparse,3.205396000004839,
2,True,2601,2500,29.685509143656187,-1815.539968,34.15642469872607,0.5089438003898863,65,uniform,1.9984902999713086,
3,True,2601,2500,33.05878005786012,-2860.801792,27.99772085002685,0.46576735461726976,107,gradient,3.3177112999837846,
4,True,2601,2500,80.37397988571449,-4070.068992,58.006963695032866,0.6579292869700533,117,uniform,3.583006499975454,
5,True,2601,2500,91.77779053230485,-7274.779136,53.17510233108831,0.8655585528155457,83,bimodal,2.5751838000142016,
6,True,2601,2500,60.78090714887397,-2453.42976,43.83575230151801,0.5402896088693369,86,bimodal,2.6404537999769673,
7,True,2601,2500,92.8412036906255,-4765.53216,46.87834133116334,0.928049660678703,104,bimodal,3.167961400002241,
8,True,2601,2500,93.08798419373652,-3658.35392,36.44402968119462,0.9910937903365479,84,random,2.5877722000004724,
9,True,2601,2500,57.515906842312184,-2533.660416,55.458722138952965,0.5007720463612887,87,random,2.6999359999899752,
10,True,2601,2500,39.32616082271603,-2414.570752,58.460059837014136,0.4453772670554028,71,uniform,2.197596100042574,
11,True,2601,2500,55.16400805368333,-1869.460736,29.499957096921985,0.6494945037080805,91,uniform,2.7578791999840178,
12,True,2601,2500,71.49899273488509,-2679.30624,33.77885603379561,0.9627270600015972,40,uniform,1.256449300039094,
13,True,2601,2500,95.71636526055714,-6081.802752,55.26791554558053,0.8987117604524414,115,bimodal,3.4468226000317372,
14,True,2601,2500,45.07274590135341,-2583.925248,54.0844161611189,0.5526626667839796,55,sparse,1.6533811999834143,
15,True,2601,2500,72.70637801603928,-2757.463552,49.246017878780336,0.8710719779352404,40,uniform,1.1815406999667175,
16,True,2601,2500,72.98099004626668,-4139.03872,44.84208936077778,0.6015209018431299,73,bimodal,2.1971751999808475,
17,True,2601,2500,47.94271844586926,-2899.826688,54.57761774792655,0.41268116381837483,96,bimodal,2.8763607000000775,
18,True,2601,2500,72.50594244723783,-2588.358144,38.975701922615045,0.8021902755017514,56,uniform,1.6867492000455968,
19,True,2601,2500,97.17566017802798,-3823.153408,39.71325785052413,0.9481085413716928,108,uniform,3.3179815000039525,
20,True,2601,2500,47.8951019536037,-1912.657792,34.80265869205557,0.6228026968620596,45,gradient,1.3359220999991521,
21,True,2601,2500,62.1872128462567,-2534.81856,52.33911560861148,0.7240929206996777,54,uniform,1.6188628999516368,
22,True,2601,2500,31.168597421929146,-2348.48768,37.822142040122664,0.439506765562558,46,random,1.4362103000166826,
23,True,2601,2500,90.8045942162525,-3059.244288,49.28765782300775,0.7490207546147615,81,uniform,2.6790338999708183,
24,True,2601,2500,25.014285284501515,-1728.983936,36.559409283426035,0.5836241209474007,32,gradient,1.1353268999955617,
25,True,2601,2500,18.077157165137958,-1544.379776,30.625243163120274,0.3002184246197025,74,bimodal,2.4218507999903522,
26,True,2601,2500,43.93788061995137,-2716.486912,42.20596211617166,0.46407966676354157,56,random,1.833565599983558,
27,True,2601,2500,68.22357437878898,-4055.69536,49.42076757668748,0.5196699905557022,80,bimodal,2.5222242000163533,
28,True,2601,2500,94.16384345700166,-5347.421184,54.81418775937552,0.9194250678538044,97,uniform,3.059039000014309,
29,True,2601,2500,52.39460101130919,-2692.168448,26.75164396239241,0.6544256090000147,86,bimodal,2.7083494999678805,
30,True,2601,2500,67.19340010753012,-2832.212224,33.252958168438646,0.6003748990660678,84,gradient,2.67263990000356,
31,True,2601,2500,11.678088091145467,-1214.698752,56.61101338202012,0.34737478365314317,27,gradient,0.8557833000086248,
32,True,2601,2500,45.61657169110327,-2180.45312,30.60849906311688,0.7005606468304588,48,bimodal,1.4955307999625802,
33,True,2601,2500,43.445797230878156,-2726.964224,40.52747829369335,0.6979438343471895,50,bimodal,1.6426939000375569,
34,True,2601,2500,32.76377915171579,-1481.785344,25.140988522256524,0.9105238399893796,20,random,0.6491324999951757,
35,True,2601,2500,29.877621963040003,-1715.728,36.82823456093036,0.620946889272347,44,sparse,1.4550636999774724,
36,True,2601,2500,50.17829795388029,-2577.499392,31.322158192845933,0.5787657325149679,114,gradient,3.8885828999918886,
37,True,2601,2500,97.46798781436081,-6881.476096,49.645356106474935,0.7631681045617319,112,random,3.8173196999705397,
38,True,2601,2500,34.266121791500545,-1693.017984,42.00163656932536,0.4748151013455543,68,random,2.302536799979862,
39,True,2601,2500,64.40985892819297,-2303.77216,42.55991850029929,0.6775347843445421,50,bimodal,1.7115973000181839,
40,True,2601,2500,33.34746688834063,-2109.624448,50.54644733426512,0.7853904697613163,23,uniform,0.7630807000095956,
41,True,2601,2500,86.04761681143121,-3706.75072,58.39528860367016,0.8375524634449195,45,sparse,1.5521285000140779,
42,True,2601,2500,27.39824524470724,-1909.698432,52.08846169945872,0.6072149078264366,28,random,0.9504860000452027,
43,True,2601,2500,25.52213103029525,-1905.26336,47.830474194531874,0.3306427265472976,47,sparse,1.637852399959229,
44,True,2601,2500,14.467280708751495,-1412.606336,29.289792838585505,0.4806791523409411,28,sparse,0.9563623000285588,
45,True,2601,2500,68.80430636876306,-3829.976064,45.059572993162696,0.669943801619142,91,sparse,3.2152720999438316,
46,True,2601,2500,25.639384190475123,-2186.545664,56.69614968416092,0.3540587552482202,45,random,1.5857984999893233,
47,True,2601,2500,57.26914783697734,-2643.906816,50.96306981248962,0.8275681719837256,31,uniform,1.0861562000354752,
48,True,2601,2500,30.2336439246792,-1629.943552,38.569495529995805,0.7170414430205381,24,random,0.8390592000214383,
49,True,2601,2500,68.60389269382412,-3739.79136,37.69989672966477,0.7152520821188126,72,random,2.5432299000094645,
50,True,2601,2500,73.57073544067399,-3072.9536,52.559794216031825,0.8835685342085079,44,sparse,1.6075612000422552,
51,True,2601,2500,52.21390854676788,-3116.525824,57.98544186946459,0.5149968525521181,51,bimodal,1.8598811000119895,
52,True,2601,2500,82.22736290864509,-4463.005696,46.55170341808515,0.7019584069447045,100,uniform,3.479577300022356,
53,True,2601,2500,64.53419892280736,-2573.827328,25.389444809749317,0.8032374576373907,72,sparse,2.508467300038319,
54,True,2601,2500,81.9888016984421,-3394.969344,32.78580406351633,0.6630059796180676,106,gradient,3.7776182999950834,
55,True,2601,2500,98.60970779041233,-6774.032896,54.12882642092327,0.909451928201439,98,bimodal,3.487272300000768,
56,True,2601,2500,19.92498825694675,-1934.796288,50.4144117487239,0.3118319701350502,82,random,2.988569099979941,
57,True,2601,2500,73.39050554053128,-3676.154112,48.94583461044396,0.627818377752298,114,bimodal,4.161571600008756,
58,True,2601,2500,90.94953989679877,-3496.670208,35.815413019818564,0.9158835264615397,84,bimodal,3.0988025999977253,
59,True,2601,2500,97.82654260070784,-5846.473216,45.57115055332275,0.8782463177391848,101,bimodal,3.671256900008302,
60,True,2601,2500,39.0298257990697,-2373.389312,36.349933444544675,0.3190024743265032,116,sparse,4.124626200005878,
61,True,2601,2500,81.82045376418834,-3779.393792,38.10309990071744,0.8403549327345866,94,random,3.282759499968961,
62,True,2601,2500,57.061782926793946,-2501.572864,46.3262058400241,0.8234413128106256,43,bimodal,1.514500199991744,
63,True,2601,2500,96.59790087421094,-8102.7456,44.60277801634487,0.9945812082017367,77,gradient,2.6691443999879993,
64,True,2601,2500,49.08614432594061,-2861.836288,58.02227084591412,0.66633774039852,23,bimodal,0.8123409999534488,
65,True,2601,2500,67.69096322265723,-3048.948224,26.658701991221488,0.6627555242777108,114,bimodal,3.980066899966914,
66,True,2601,2500,97.56054612598129,-6175.53152,57.3306857277576,0.7849726917870288,93,random,3.2159143000026233,
67,True,2601,2500,30.957495832002245,-2126.771456,39.50160249657883,0.388856811540053,82,bimodal,2.8335100999684073,
68,True,2601,2500,91.63371666074893,-3555.233536,41.952835369629824,0.89382839218716,110,random,3.85953029996017,
69,True,2601,2500,52.53681809237452,-2080.459008,45.313033132548625,0.668796425073612,62,random,2.2632649000152014,
70,True,2601,2500,39.83667003840408,-1563.36256,38.32571958253,0.8066640956384031,23,sparse,0.8635816999594681,
71,True,2601,2500,43.30977079616947,-2031.39712,33.86947871030559,0.669277184952498,59,random,2.0951331999967806,
72,True,2601,2500,12.281627895756465,-1653.519104,54.324285706583,0.3046725858748865,27,uniform,0.9786428000079468,
73,True,2601,2500,70.06573582126452,-4900.204544,42.24226662508675,0.5123572765030012,117,sparse,4.1768142999499105,
74,True,2601,2500,80.20067662550191,-3825.10464,56.30323939536176,0.6645046651273439,97,random,3.472766499966383,
75,True,2601,2500,18.169132706706893,-1607.179136,32.465208853416925,0.40719033278096683,55,random,1.9646554999635555,
76,True,2601,2500,98.36787164752266,-7321.734656,53.22160282051234,0.9898663143231479,118,random,3.9235996999777853,
77,True,2601,2500,91.90301332142857,-5722.01728,52.50763079898726,0.6858203690602207,107,bimodal,3.1967151000280865,
78,True,2601,2500,63.405355991346504,-2695.940864,39.66020807406127,0.9405947126526516,38,sparse,1.0692175999865867,
79,True,2601,2500,18.827345486921445,-1986.964992,57.18608355818993,0.3501358247645601,52,uniform,1.3762783999554813,
80,True,2601,2500,32.02590156076162,-2616.85248,50.77719659702088,0.312893157778483,66,gradient,1.8416590000269935,
81,True,2601,2500,24.696173308004386,-1500.379136,40.19396518869712,0.44813982607517067,61,random,1.7217994999955408,
82,True,2601,2500,99.6343609790164,-7656.710144,59.91735633348428,0.8983515642485482,119,sparse,3.551704100042116,
83,True,2601,2500,15.200979968766859,-1405.854592,36.07450119478506,0.33122340177337156,60,bimodal,1.7774481999804266,
84,True,2601,2500,87.03776514496688,-5406.113792,50.623438362477046,0.9301425639122846,73,sparse,2.185552299953997,
85,True,2601,2500,49.79722557105788,-2291.430144,26.551304692384978,0.6302382968485282,83,gradient,2.4814600000390783,
86,True,2601,2500,16.050688138983528,-1979.004544,46.541181140002436,0.4227479704723322,30,bimodal,0.896280899993144,
87,True,2601,2500,95.19828304951905,-6595.2,44.9764750645362,0.8484775169084657,92,gradient,2.8466126999701373,
88,True,2601,2500,76.64521576224435,-2980.132352,32.21858584264476,0.7922312882163677,108,random,3.2869149000034668,
89,True,2601,2500,50.289632076133294,-2317.760512,45.15219996335115,0.83895718776059,34,uniform,1.0587261999608018,
90,True,2601,2500,59.36966063205967,-2354.221312,38.03164729451365,0.777327975273949,52,gradient,1.6232140000211075,
91,True,2601,2500,85.17683135069795,-3078.088192,34.907907018374246,0.9371756812904487,102,bimodal,3.0774962000432424,
92,True,2601,2500,25.74182264560423,-2085.574528,46.03025036647834,0.35309630182385426,60,bimodal,1.8157899000216275,
93,True,2601,2500,62.391841502982984,-2954.038016,59.49216317232892,0.6802247011656233,45,gradient,1.348148500022944,
94,True,2601,2500,66.33287273040797,-2518.176512,33.3884823942921,0.8520851313558963,69,uniform,2.0528931000153534,
95,True,2601,2500,92.48440203640237,-4155.645952,43.95097775867775,0.9393152265903435,69,bimodal,2.080171199981123,
96,True,2601,2500,93.97900386316996,-6194.218496,50.52091577880696,0.8137227222718069,114,gradient,3.405941699980758,
97,True,2601,2500,61.59734695957493,-2941.403392,48.599569200264185,0.6026178710316047,72,sparse,2.155901099962648,
98,True,2601,2500,82.42622802472957,-2980.020736,58.02794393541283,0.8959316420869206,33,bimodal,1.011065199971199,
99,True,2601,2500,83.47368900525099,-5658.384384,42.711073609193804,0.6955641422491418,115,sparse,3.315409400034696,
100,True,2601,2500,80.4234540961091,-3632.975104,54.22435706757031,0.7175878188775211,64,uniform,1.8666584999882616,
101,True,2601,2500,48.376995811055444,-2216.84608,58.023637696369384,0.5515947233391012,60,gradient,1.782606000022497,
102,True,2601,2500,36.29245121482878,-1854.80896,30.59969007515063,0.7101604603881592,48,bimodal,1.3958008000045083,
103,True,2601,2500,42.92927675336683,-3132.7808,35.94391314530316,0.4570227558382333,74,sparse,2.158836800022982,
104,True,2601,2500,71.10159504097048,-3080.816384,54.34976843293374,0.7845037040391429,38,uniform,1.0899424999952316,
105,True,2601,2500,98.68141520117948,-5980.683776,47.33683667605406,0.9940218428368809,84,gradient,2.4649406000389718,
106,True,2601,2500,49.642737173788795,-2824.543744,59.384274941216745,0.32828010702556,100,gradient,2.9680514999781735,
107,True,2601,2500,50.48958329046375,-2482.898176,47.69875717900902,0.634381998525305,48,random,1.428004100045655,
108,True,2601,2500,52.81239233828674,-3059.774976,54.95978360650082,0.7425926086886963,23,bimodal,0.6987292999983765,
109,True,2601,2500,58.89343475981514,-2427.775232,44.03097871212228,0.8889861919058235,40,bimodal,1.2174949999898672,
110,True,2601,2500,77.06731450850725,-3928.03072,57.5672484028605,0.6587064468638439,90,gradient,2.703894600039348,
111,True,2601,2500,20.289202785272387,-1698.63616,30.37814745833165,0.41851231067127737,56,random,1.6740199000341818,
112,True,2601,2500,74.96278355311574,-3282.000896,29.076065455267937,0.8909075010900163,97,uniform,2.900229499966372,
113,True,2601,2500,24.73655106491499,-1966.828672,27.470233719819543,0.4056082649228283,60,random,1.7986164000467397,
114,True,2601,2500,32.712622277410155,-2539.514368,50.476089607838986,0.3995113819897591,61,random,1.871332699956838,
115,True,2601,2500,72.77917175218485,-3496.795392,49.5818308466073,0.7225963500257443,68,sparse,2.0179544999846257,
116,True,2601,2500,76.94501331788881,-3491.280896,31.03294180549761,0.9138454802456557,101,sparse,3.0230439000297338,
117,True,2601,2500,49.13721994161499,-3202.503424,55.6254116025851,0.41051668999471325,102,bimodal,3.055809899989981,
118,True,2601,2500,99.35834631577356,-6080.052736,57.57413756188091,0.9562933417613527,104,bimodal,3.1316739000030793,
119,True,2601,2500,83.31936780361295,-3394.67904,58.46841397811134,0.8124785487344272,76,uniform,2.27792209998006,
120,True,2601,2500,18.43305963455616,-2624.746496,54.88095457464546,0.3399489737052976,34,random,1.0288160999771208,
121,True,2601,2500,58.64179012736077,-2791.521024,47.14855330868348,0.5085317316617951,119,gradient,3.506058099970687,
122,True,2601,2500,16.395052323882464,-1835.902464,53.88734019482922,0.42293680077927637,22,bimodal,0.6851072999997996,
123,True,2601,2500,21.6481519345723,-1698.283648,48.88231521368502,0.33767471316155584,45,uniform,1.3325173000339419,
124,True,2601,2500,46.91771237535056,-2911.437824,52.483858991362126,0.8501015502683481,30,random,0.9057365999906324,
125,True,2601,2500,82.3902254610325,-3724.71424,54.81123192603056,0.6455549824687689,91,uniform,2.648028699972201,
126,True,2601,2500,93.59273421163469,-3850.52416,25.216162658903077,0.9592306751909552,104,sparse,3.0423701999825425,
127,True,2601,2500,42.5516105418429,-2566.695168,27.18632987066806,0.44674295306289463,113,sparse,3.3067334999796003,
128,True,2601,2500,40.7674995696694,-2471.820544,48.07127553267486,0.6304813759903974,34,gradient,1.010155699972529,
129,True,2601,2500,39.90304072913342,-2841.293568,38.451073015904406,0.46373271488841733,106,sparse,3.172372600005474,
130,True,2601,2500,29.926468618383584,-2581.221632,40.864813868044294,0.35462368662920124,77,gradient,2.2731406000093557,
131,True,2601,2500,87.80059344013603,-4005.201664,47.62622355862867,0.7208042412098813,114,uniform,3.422662800003309,
132,True,2601,2500,68.65312872012049,-3511.432192,29.991046355558858,0.863266088187707,81,sparse,2.4402753000031225,
133,True,2601,2500,89.81593856815462,-4313.012224,59.130294386602976,0.6585437216861485,104,gradient,3.0831951000145636,
134,True,2601,2500,66.54978079211953,-2773.615872,58.89653693940633,0.6529840205994344,59,random,1.7637284999946132,
135,True,2601,2500,25.22335864166144,-1782.776448,44.18813422711047,0.49652429959176203,46,sparse,1.3759202000219375,
136,True,2601,2500,17.9338961992051,-1523.698816,29.460470732197656,0.34915711002741806,51,bimodal,1.4942782000289299,
137,True,2601,2500,34.425849285631514,-2484.160512,55.03637180481799,0.4925320211016655,39,random,1.125461700023152,
138,True,2601,2500,86.4074821337763,-5345.175552,45.05920645374523,0.8497944273527639,84,sparse,2.415547800017521,
139,True,2601,2500,71.05157085778688,-4061.14816,39.5866875712552,0.7046499206768035,60,uniform,1.7415602000546642,
140,True,2601,2500,52.22289030709572,-2497.963776,48.36670174774507,0.734946263812493,43,bimodal,1.2330252000247128,
141,True,2601,2500,99.2499724899372,-5951.34464,50.770377758583095,0.9981542777340573,79,uniform,2.269639600010123,
142,True,2601,2500,19.256942562823642,-1221.750528,25.780152297939832,0.37524379973060423,86,sparse,2.5474834999768063,
143,True,2601,2500,92.90506326244795,-4083.58912,39.466205591415104,0.9837544703558473,91,random,2.7234446999500506,
144,True,2601,2500,23.88011905535654,-2044.354048,52.74666439997333,0.34178115658464153,49,uniform,1.4712502000038512,
145,True,2601,2500,46.654828160281994,-2522.932736,46.02206948058447,0.488020648723942,97,bimodal,2.876144399982877,
146,True,2601,2500,60.754646069985554,-2510.525696,53.01764149582608,0.5653319419669444,68,bimodal,1.9965169000206515,
147,True,2601,2500,96.05408583328939,-6899.5328,59.632033845875455,0.8474833511547583,109,gradient,3.226237300026696,
148,True,2601,2500,44.33093369345443,-2616.56064,47.31072366432099,0.6849769991844238,41,random,1.205766900035087,
149,True,2601,2500,49.41864849518449,-2956.10752,27.87089949492616,0.482776177622322,108,random,3.2506842999719083,
150,True,2601,2500,52.280425554688016,-1822.38528,25.168771541981386,0.9515509123922787,52,bimodal,1.57590179995168,
151,True,2601,2500,35.54650999231092,-2989.80224,42.212784485999535,0.5520990522073865,52,random,1.582669099967461,
152,True,2601,2500,20.477162315594576,-2278.148864,32.64864455768729,0.48240918830365265,26,gradient,0.7825995999737643,
153,True,2601,2500,85.7131236265174,-3807.510272,57.73125711815112,0.680833930064502,67,sparse,2.002634099975694,
154,True,2601,2500,88.4755801608019,-3401.388288,45.43463291847458,0.7616289360907305,83,uniform,2.507114599982742,
155,True,2601,2500,71.77757627250709,-3066.72,35.901793975857785,0.8814109173561008,53,random,1.5814841000246815,
156,True,2601,2500,9.759884480633541,-1287.876992,29.855203648134378,0.303122900949187,34,uniform,0.9980557999806479,
157,True,2601,2500,41.42058367494451,-1355.555584,34.20821007604874,0.9033873457438334,23,uniform,0.6880117999971844,
158,True,2601,2500,74.02170864844963,-3567.681024,58.91960136235023,0.8451724009220505,45,gradient,1.3533434999990277,
159,True,2601,2500,89.33862964112771,-4547.435008,53.34793783741773,0.7034815352887487,99,bimodal,2.966054799966514,
160,True,2601,2500,34.7591148036935,-2191.013888,44.41099722686987,0.7129528091700892,22,random,0.6576696000411175,
161,True,2601,2500,68.61169069099168,-2201.224448,41.40133621511674,0.8062921661467957,45,bimodal,1.3798072999925353,
162,True,2601,2500,33.33850486313486,-1801.088256,27.510123268846193,0.46335468474414976,100,sparse,3.0490553000126965,
163,True,2601,2500,21.65177567632214,-1620.57984,53.232438959100506,0.31910255009548916,62,random,1.8794569000019692,
164,True,2601,2500,50.367025778703464,-2287.230976,27.556409781005875,0.5488576328108087,99,uniform,2.971531099989079,
165,True,2601,2500,37.07547132344708,-2116.139776,41.19385966808973,0.7041748066242142,36,sparse,1.1002131999703124,
166,True,2601,2500,29.284185187006205,-1886.288768,50.06844439483878,0.4185792612231469,60,bimodal,1.8335247000213712,
167,True,2601,2500,69.74898988878945,-2346.846464,29.047901254810053,0.7546512263116771,100,uniform,2.9753469999996014,
168,True,2601,2500,11.462916123994049,-1566.040064,34.45786025690884,0.3271740175498351,54,sparse,1.6205525000113994,
169,True,2601,2500,75.18114243489443,-3103.899136,41.677507760850574,0.8336031213375386,61,random,1.794966800021939,
170,True,2601,2500,77.77619032034409,-3892.685312,52.5596475735982,0.9709193877496741,51,sparse,1.504925400018692,
171,True,2601,2500,60.77240594225549,-1889.288704,28.587301683840906,0.8313109442122263,64,bimodal,1.8958879999700002,
172,True,2601,2500,41.457287459683116,-1641.451776,30.958028433774402,0.946161444421097,27,bimodal,0.8019032999873161,
173,True,2601,2500,69.80509609495604,-2789.007104,27.39072435631899,0.654331430029108,111,gradient,3.253999400010798,
174,True,2601,2500,93.1409743601512,-5744.578048,57.22629112480225,0.8827137139930923,105,gradient,3.128578799951356,
175,True,2601,2500,46.81075577129011,-1933.284736,44.71480034437081,0.6684422061378295,28,uniform,0.8510547999758273,
176,True,2601,2500,44.28082656330156,-2713.384192,56.80787998549228,0.4036568612638006,111,sparse,3.275910400028806,
177,True,2601,2500,17.62762105046043,-1521.978496,42.00992822161512,0.5194399187942592,24,gradient,0.7080576000153087,
178,True,2601,2500,36.4589994654076,-2507.407872,51.628964921612706,0.33248709630901035,65,random,1.9001567999948747,
179,True,2601,2500,81.22026826237628,-4043.91808,57.13243350255817,0.9582754889963812,57,uniform,1.6872433999669738,
180,True,2601,2500,89.21767585265528,-4247.720448,45.161972309786044,0.767674211622084,114,bimodal,3.303075500007253,
181,True,2601,2500,83.16606308292907,-4286.381824,52.51802426981297,0.712363182132339,84,random,2.407569900038652,
182,True,2601,2500,40.87285320575709,-1983.550208,30.80920481064564,0.5229242862972838,80,bimodal,2.3092987000127323,
183,True,2601,2500,97.19313147234962,-5378.194432,58.300628637415564,0.931842309802508,106,uniform,3.090656600019429,
184,True,2601,2500,39.273772805511385,-1723.4656,25.622358077122996,0.7085595819002971,66,random,1.9844125999952666,
185,True,2601,2500,24.511176791530044,-1099.391488,32.68523344186284,0.6756861543122031,22,bimodal,0.6584299000096507,
186,True,2601,2500,74.26719989956214,-2352.196096,44.153905152417984,0.7443213984217024,94,random,2.7995852999738418,
187,True,2601,2500,36.39957127201987,-1710.788864,33.89720879496876,0.5450711273848011,59,bimodal,1.7562287999899127,
188,True,2601,2500,63.83468644660819,-2117.147136,28.36388413327647,0.8037018358326704,92,random,2.71074160002172,
189,True,2601,2500,36.07691075467251,-2554.49216,42.040215542998865,0.3984462525734129,85,sparse,2.519692200003192,
190,True,2601,2500,15.30138407885615,-1973.667968,43.60754400271651,0.358191814047515,54,random,1.6165583000401966,
191,True,2601,2500,94.43896909391944,-4942.464512,59.040693668347494,0.8552748431466448,61,bimodal,1.8111180000123568,
192,True,2601,2500,91.07505007119656,-3502.304,48.06652847883725,0.7240073296314002,79,uniform,2.3330650000134483,
193,True,2601,2500,31.82616638342264,-2181.348608,42.71034632626369,0.4762996324767571,60,uniform,1.7766468999907374,
194,True,2601,2500,83.1570145494663,-3031.43296,55.265525993385836,0.9061488870445297,42,gradient,1.264391999982763,
195,True,2601,2500,10.952702698167538,-1206.320384,26.202263597920297,0.3589687534876969,55,bimodal,1.6636370999622159,
196,True,2601,2500,33.389709881611985,-2014.554624,55.87147296266077,0.5919360125318345,32,sparse,0.9459941000095569,
197,True,2601,2500,82.20633226893418,-4461.274624,57.70981484040101,0.8497993190971422,67,gradient,1.9577695000334643,
198,True,2601,2500,66.14193014972646,-3854.768384,52.95050779451431,0.8750976849898494,24,gradient,0.7074824000010267,
199,True,2601,2500,82.20677757628992,-6139.977216,48.58785187124398,0.7248614878484737,60,uniform,1.8001372999860905,
200,True,2601,2500,91.32162312859116,-4061.55008,47.639195028769834,0.764743979965589,74,uniform,2.1993950000032783,
201,True,2601,2500,87.25254015151397,-4851.56608,59.67568107077031,0.675643329507148,98,gradient,2.945885199995246,
202,True,2601,2500,30.514299607988182,-1772.740992,37.12006249733098,0.6105591355820863,43,random,1.2910503999446519,
203,True,2601,2500,66.40658504967118,-2963.029248,52.33300672986681,0.5410156200780024,64,bimodal,1.925779900047928,
204,True,2601,2500,84.23842955758616,-2658.492416,43.775228245871396,0.8683825755788361,80,bimodal,2.377782700001262,
205,True,2601,2500,54.571589298222364,-2843.79648,56.78649652839373,0.45964220584632576,108,uniform,3.1520505999797024,
206,True,2601,2500,21.110237624997787,-1533.21344,55.17032931529612,0.5719059883591564,24,bimodal,0.6917605999624357,
207,True,2601,2500,57.93369051485979,-3887.41504,34.6689810146881,0.6463765586210398,102,gradient,3.0224160999641754,
208,True,2601,2500,53.43956105557086,-2176.698368,58.397775824690264,0.7773533651356858,22,gradient,0.6455420000129379,
209,True,2601,2500,72.10857467364491,-2495.275264,34.9765749414339,0.7086833388131065,109,uniform,3.2457477999851108,
210,True,2601,2500,92.71083066609374,-4475.564032,50.265766911773596,0.7786176682786329,105,random,3.142075299983844,
211,True,2601,2500,67.3412500563607,-3504.608,40.63487992635055,0.5643338534403305,88,random,2.611095200001728,
212,True,2601,2500,16.401620966968622,-1880.161536,45.03945676381477,0.5064926831884077,20,random,0.5920674999943003,
213,True,2601,2500,52.564304417695375,-3849.61408,47.78012375372798,0.793873350368931,30,bimodal,0.9006887000286952,
214,True,2601,2500,54.64710844841414,-2138.088192,28.307695084965594,0.5948131754206221,68,sparse,2.0527928000083193,
215,True,2601,2500,33.37575666117463,-2493.846272,56.88355327242492,0.33216159042065013,118,sparse,3.5275561999878846,
216,True,2601,2500,66.86339083689383,-2686.656256,57.190802220557416,0.811073937373234,34,gradient,1.0100342000368983,
217,True,2601,2500,84.75790783869411,-4550.639616,55.05024240023343,0.8075463624188928,81,random,2.4275319000007585,
218,True,2601,2500,88.02593596349492,-4870.601216,59.3172871857977,0.7187033393491989,112,random,3.385930000047665,
219,True,2601,2500,40.25661297330589,-2820.4672,49.08326099398934,0.505429192696371,67,sparse,2.033306500001345,
220,True,2601,2500,41.40662586500707,-2626.533632,56.172477019166685,0.4263711241292576,90,sparse,2.69302779994905,
221,True,2601,2500,18.56328479390078,-1266.941312,40.9228765935479,0.48381061806377795,37,random,1.1156053000013344,
222,True,2601,2500,79.98044852275925,-4263.675392,38.202313595519016,0.7925497584375196,103,sparse,3.086124099965673,
223,True,2601,2500,63.164154702431695,-3229.753344,56.03581174787715,0.5868704019035124,77,bimodal,2.326033500023186,
224,True,2601,2500,17.852307102320854,-1917.843968,43.93003673152206,0.47728334380237036,28,uniform,0.8646426000050269,
225,True,2601,2500,23.336179142270097,-1532.277248,46.08850139895037,0.6028603298108811,29,bimodal,0.8763746999902651,
226,True,2601,2500,84.98947499826743,-4911.647232,48.52093693130979,0.7910422110665608,111,sparse,3.3892727000056766,
227,True,2601,2500,76.8750152799598,-3187.748608,42.39016408200025,0.6431391317578556,82,bimodal,2.5300800999975763,
228,True,2601,2500,48.809647790227295,-2264.930304,48.149327104460376,0.6157863087958972,48,bimodal,1.4932150999666192,
229,True,2601,2500,98.0156751240605,-5678.3872,55.84548415471653,0.9415493949412389,65,bimodal,2.001947899989318,
230,True,2601,2500,16.847750448101518,-1468.194816,25.28909832724445,0.6612306910605379,29,sparse,0.9152515000314452,
231,True,2601,2500,71.37300100037407,-3231.678464,44.171879253628774,0.909352581943699,33,gradient,1.1742565999738872,
232,True,2601,2500,90.30987286135198,-3706.52928,45.28444383589911,0.7675813490758167,119,bimodal,4.293941200012341,
233,True,2601,2500,77.62808318044605,-2647.20256,28.30798623582141,0.7052905810889128,98,gradient,3.5848890999914147,
234,True,2601,2500,88.237788976056,-4248.79232,53.01471212084641,0.6155851060327111,116,bimodal,4.182838300010189,
235,True,2601,2500,41.83842244092997,-2539.75168,42.46228557629921,0.3490855289613524,92,uniform,3.3360590999946,
236,True,2601,2500,55.999295492503684,-3068.047872,53.96714749833778,0.5203345111954704,98,random,3.5415441999793984,
237,True,2601,2500,10.034601920331877,-1416.957696,41.717886650573206,0.35874371767145097,20,random,0.7668324999976903,
238,True,2601,2500,77.26871887314452,-3480.068096,39.41622043326023,0.8976706389335943,83,gradient,2.971698399982415,
239,True,2601,2500,25.856042067824482,-2034.00448,25.530822344372478,0.470141943165792,81,gradient,2.9014649000018835,
240,True,2601,2500,26.620298338252823,-1972.4736,48.06899706975145,0.3103095454096504,70,gradient,2.531269999977667,
241,True,2601,2500,24.339242599919253,-1227.746944,32.719147161280965,0.5485831110956264,44,gradient,1.557764799974393,
242,True,2601,2500,88.46407201376543,-3845.806336,28.024366833467283,0.9101751656754907,114,uniform,4.129000699962489,
243,True,2601,2500,79.8996278462471,-3254.506496,41.466838410480186,0.9149106905225771,76,sparse,2.766604600008577,
244,True,2601,2500,46.65107908273215,-1797.539072,28.2254540662711,0.612418077256573,68,random,2.452619199990295,
245,True,2601,2500,80.62954992302322,-2845.389056,39.26362761867601,0.6280310753261795,98,uniform,3.5494758000131696,
246,True,2601,2500,30.53831264145117,-1439.904768,33.834366359492336,0.5229914301726384,63,random,2.274361699994188,
247,True,2601,2500,64.31379849680788,-3043.35488,51.55145489399311,0.8189585731539755,42,gradient,1.5362172999884933,
248,True,2601,2500,98.77934199889738,-5959.42656,47.88053643269974,0.8109087020015497,120,random,4.959389400028158,
249,True,2601,2500,93.13214668139742,-4979.621888,58.21908015752102,0.9882276346894349,83,uniform,3.440294999978505,
250,True,2601,2500,82.64287373703442,-2906.526976,32.13851004813807,0.7587610071070062,84,bimodal,3.5443198999855667,
251,True,2601,2500,61.3945232771508,-3272.137984,44.28624604209146,0.9212613408650183,26,bimodal,1.0545880000572652,
252,True,2601,2500,26.309560926336307,-2779.45344,44.692673738950774,0.6662321435846261,25,gradient,1.1548561999807134,
253,True,2601,2500,89.73240725492444,-3801.587968,33.92762971471649,0.7452760041450814,108,random,4.670848400040995,
254,True,2601,2500,29.195670813824705,-1731.157248,40.55653142746925,0.6663543780408528,30,uniform,1.2473142000380903,
255,True,2601,2500,74.63341471400773,-4240.758272,53.29962611225489,0.6344705665593847,102,gradient,4.095963500032667,
256,True,2601,2500,51.80534835766697,-2204.781312,50.059384390596975,0.992455932980632,27,gradient,1.0500885000219569,
257,True,2601,2500,61.55686114656134,-2940.096768,51.140954870834804,0.8913275071664923,32,sparse,1.3955772000481375,
258,True,2601,2500,56.543688710971395,-2477.79456,37.294317157388235,0.914430864055383,42,uniform,1.8663148999912664,
259,True,2601,2500,42.29745577645978,-1996.23872,45.990569197362305,0.6754886659843393,38,random,1.6603804000187665,
260,True,2601,2500,42.97388199563497,-2089.909376,57.604027109484434,0.7845239911140464,24,uniform,0.6785289000254124,
261,True,2601,2500,40.407635588605714,-1757.153536,37.022968525251244,0.698075186995481,49,uniform,1.4081359999836423,
262,True,2601,2500,82.57567092251197,-3808.89472,54.41950992357989,0.713034929039963,108,random,3.4581083999946713,
263,True,2601,2500,35.8288540724286,-2406.71232,36.80469182306295,0.3828085225754027,73,gradient,2.0916141999769025,
264,True,2601,2500,79.78188262017927,-2929.499904,38.27038166324984,0.6336298936694736,120,uniform,3.779944500012789,
265,True,2601,2500,13.55745738800531,-1617.968768,36.04438822860817,0.3625353530928312,50,random,1.7078639999963343,
266,True,2601,2500,18.218930983721236,-1516.687488,32.18931185523799,0.6225313455902574,28,bimodal,1.0138730999897234,
267,True,2601,2500,17.195283691319375,-1642.127744,45.235537257981406,0.5705467895949906,21,uniform,0.7319433999946341,
268,True,2601,2500,61.74523627402104,-2722.988288,58.69421351782893,0.6666242926242407,64,gradient,2.515582300024107,
269,True,2601,2500,46.730358075959856,-2541.23392,35.87320335266917,0.6129773269145216,49,sparse,1.7136461000191048,
270,True,2601,2500,87.08941187416343,-3955.119616,38.601126688353354,0.8872522821972255,87,bimodal,3.231488800025545,
271,True,2601,2500,90.84354172999663,-3631.184896,52.36928271467269,0.8923793500455254,81,bimodal,2.756261500006076,
272,True,2601,2500,60.67542208060755,-3823.365888,40.19485541821394,0.5487408818667506,113,random,3.874680900014937,
273,True,2601,2500,43.30590565513999,-1981.866368,31.726415131668155,0.867448563192883,35,sparse,1.240609000029508,
274,True,2601,2500,35.187137048985875,-2370.553088,59.163492241260776,0.45990484077213795,44,sparse,1.62585490004858,
275,True,2601,2500,99.73011363082813,-6301.558272,57.372177066921466,0.8588197801133899,118,uniform,3.6370761999860406,
276,True,2601,2500,47.89586246974357,-3488.191488,53.7727431271871,0.3421504618097609,115,sparse,4.163967099972069,
277,True,2601,2500,39.94974601023006,-1964.617216,42.96787637608128,0.46962570406963167,67,uniform,2.3069962000008672,
278,True,2601,2500,54.51785342392126,-2526.104576,49.46958198407477,0.39150753824599505,113,gradient,3.6687952000065707,
279,True,2601,2500,59.29349758541383,-2003.613824,26.767870156350906,0.8977494321890827,38,uniform,1.1916136000072584,
280,True,2601,2500,90.2548489920478,-4139.974656,59.9145296620197,0.8096794899633021,94,random,3.252695099974517,
281,True,2601,2500,97.58801327862501,-5769.822208,40.54718533129728,0.9346766789624457,109,gradient,4.047859799989965,
282,True,2601,2500,31.376175415459397,-2184.328448,46.85851704026351,0.42313704293788956,69,random,2.1043202999862842,
283,True,2601,2500,35.85476852489514,-2266.999808,51.0975883376744,0.5240798817792363,40,uniform,1.3251990000135265,
284,True,2601,2500,15.012922540079465,-1484.664704,47.05522672355396,0.3127523814788272,50,sparse,1.9955689999624155,
285,True,2601,2500,12.20011468750759,-1048.112256,26.462128772599833,0.468886778879787,40,uniform,1.6055382000049576,
286,True,2601,2500,97.61147718691097,-4546.487296,39.96116902228405,0.8406439711256602,118,bimodal,5.028684600023553,
287,True,2601,2500,64.11057358621048,-2773.52576,54.79546230109471,0.7998410226408379,24,random,0.8615119000314735,
288,True,2601,2500,65.89949747036252,-3595.36384,50.66891273434648,0.5550800009345717,120,sparse,4.8952989000245,
289,True,2601,2500,29.791188367289845,-2721.811456,54.49888466817565,0.3673886120646124,53,bimodal,2.1048990999697708,
290,True,2601,2500,17.732012176089818,-1103.975296,38.74667115028819,0.4395613121620859,30,uniform,2.305677799973637,
291,True,2601,2500,38.641470870920294,-1842.521856,31.758232345287578,0.6376257528532584,59,uniform,2.57627630000934,
292,True,2601,2500,47.521339800960796,-1972.577792,50.61728815426498,0.7969926275164878,31,sparse,1.4004998999880627,
293,True,2601,2500,55.60045115378844,-1957.030272,49.22901310457557,0.8900741389176658,23,bimodal,1.0169375999830663,
294,True,2601,2500,75.56760285528806,-3350.41152,47.63577619195755,0.6756342321978764,94,bimodal,4.4018563000136055,
295,True,2601,2500,20.008135831685326,-1598.144128,29.94491936433873,0.34504624435226455,112,sparse,4.55229620001046,
296,True,2601,2500,73.00981990999284,-2617.146112,48.25543084369021,0.6479379075480984,70,uniform,2.973512299999129,
297,True,2601,2500,41.31143288736791,-1816.385792,27.609253856772543,0.49278188803882367,88,bimodal,3.4349023000104353,
298,True,2601,2500,68.88960228284145,-3493.757184,43.108102286217466,0.7368765150401109,63,sparse,2.2795925000100397,
299,True,2601,2500,59.278583019492736,-2986.37568,49.91960283099409,0.5677295546996503,47,random,1.5622099000029266,
300,True,2601,2500,88.81276780455507,-3989.627136,48.46295310340637,0.6919489633354592,112,bimodal,3.8856102999998257,
301,True,2601,2500,30.711520784833546,-1768.5984,39.02592315182681,0.44020012214432297,56,sparse,1.9498162000090815,
302,True,2601,2500,76.77315128560603,-3890.556928,51.59112027218417,0.7941681881215406,82,gradient,3.0422449000179768,
303,True,2601,2500,28.038375325948994,-2093.628416,32.50513466992285,0.5917752746052544,47,bimodal,1.5095956000150181,
304,True,2601,2500,66.78206978865691,-2485.702912,44.66963524274129,0.9292005198291394,34,random,1.2035518999909982,
305,True,2601,2500,85.64487802039164,-3568.963584,50.03293829414163,0.7842199710011606,79,gradient,2.7140185000025667,
306,True,2601,2500,50.2800875783081,-2400.926208,27.03317308298504,0.5105895033019703,95,sparse,3.3835095000104047,
307,True,2601,2500,84.91677896027527,-4428.098048,47.152211538965645,0.7715714768535392,99,sparse,3.421566399978474,
308,True,2601,2500,43.061986611970895,-1767.874816,49.021814049205325,0.6840183630283171,41,gradient,1.3445082000107504,
309,True,2601,2500,20.428828697533007,-1839.722624,33.17410080360373,0.3432130475114877,106,random,3.708313499984797,
310,True,2601,2500,77.17500574243238,-3133.707264,43.15075060112434,0.9699229273765256,54,random,1.6924771000049077,
311,True,2601,2500,21.424883565679444,-1399.736064,30.273045478901075,0.6944109250239427,24,random,0.7481430000043474,
312,True,2601,2500,37.12001625351008,-2704.761856,44.22755796940291,0.5532579534676277,47,uniform,1.7459290000260808,
313,True,2601,2500,66.55588183012493,-3057.083904,47.11378479399953,0.6249922481718374,95,gradient,3.05610520002665,
314,True,2601,2500,88.02234212223456,-4764.73088,57.2889760895993,0.7988534701229989,91,gradient,3.169731199974194,
315,True,2601,2500,87.93071370416406,-4168.457728,52.49206640113874,0.9169862510579685,54,random,1.808677599998191,
316,True,2601,2500,27.450772007113933,-2494.994944,59.87842912095224,0.33791942326938945,84,gradient,2.853091700002551,
317,True,2601,2500,45.06905061336255,-5194.039296,57.700166788897285,0.4451149903998596,95,sparse,3.259727099968586,
318,True,2601,2500,50.89730600610607,-2734.852352,58.561654212909616,0.8346105160855286,31,uniform,1.175557199981995,
319,True,2601,2500,72.89417374599549,-2905.600512,32.411665977366866,0.9047271965188513,54,bimodal,1.9242334999726154,
320,True,2601,2500,92.62776839750279,-4122.401024,53.48600034030791,0.7895849165710821,79,random,2.5470544999698177,
321,True,2601,2500,84.40234839344814,-3584.214272,48.056834338531814,0.9358158505731022,57,random,2.208387100021355,
322,True,2601,2500,51.784601421038865,-2390.417152,35.803044631247914,0.6332950847472014,55,bimodal,1.9725616000359878,
323,True,2601,2500,83.41405957954355,-4022.349056,34.75844525472296,0.8846341610382115,119,random,3.8073575000162236,
324,True,2601,2500,62.133566559190214,-2390.948352,33.54298323899971,0.7219978777467302,76,bimodal,2.5621720000053756,
325,True,2601,2500,60.697992209192364,-2988.723968,41.39953734829519,0.565954311265838,103,random,3.504600600048434,
326,True,2601,2500,27.737326067226054,-1282.820992,26.669112154677304,0.6693176684879502,46,sparse,1.7607157000456937,
327,True,2601,2500,42.498290076672575,-1945.066368,47.300601255516405,0.45734386701888385,78,uniform,2.590896200039424,
328,True,2601,2500,73.51878908509622,-3678.366464,57.471065312770286,0.5697119753906519,113,random,3.8988571999943815,
329,True,2601,2500,24.220646913684828,-1788.665856,33.33941737159764,0.48721442475702875,35,sparse,1.29925609997008,
330,True,2601,2500,97.42477205906474,-5402.83136,59.44248238063984,0.9462208962062257,113,bimodal,3.9512205999926664,
331,True,2601,2500,47.91808297255481,-2238.915584,36.89962004511035,0.54115925038603,64,bimodal,2.2618387000402436,
332,True,2601,2500,85.6816135475401,-3579.19232,29.553546117348066,0.8345866229426092,104,random,3.4974454999901354,
333,True,2601,2500,97.93659076411,-5524.931584,57.165063980621966,0.8820550447310007,119,sparse,4.050113999983296,
334,True,2601,2500,46.99711840109762,-2529.128704,40.58425590326022,0.5817841660290753,40,bimodal,1.6014093999983743,
335,True,2601,2500,64.02613527790481,-3281.770496,36.46821507238245,0.6254153294198285,75,bimodal,2.5834251000196673,
336,True,2601,2500,18.200237121560125,-2095.3984,58.057195235360304,0.5305797888752914,22,uniform,0.8558340999879874,
337,True,2601,2500,24.547753204622936,-1570.893952,26.005818323785082,0.5038616013419812,68,sparse,2.3969746999791823,
338,True,2601,2500,85.57979865701405,-3613.861888,51.31357867707249,0.9671634692938039,52,random,1.771556399995461,
339,True,2601,2500,83.75925452895409,-4873.8432,35.23968259008063,0.9320686693159892,104,sparse,3.440272299980279,
340,True,2601,2500,75.03317104230263,-3343.791104,53.99351839834768,0.6939327392269177,85,random,2.831440699985251,
341,True,2601,2500,44.55367967767556,-2258.789632,46.37440687466272,0.646308607235102,39,sparse,1.2241255000117235,
342,True,2601,2500,37.06150368960497,-1973.034368,45.96942276634434,0.6304764594931307,24,uniform,0.7885369000141509,
343,True,2601,2500,22.990175522805544,-1802.392064,52.54742734848207,0.35621331206123846,42,uniform,1.4639157999772578,
344,True,2601,2500,35.89074574801585,-1972.479488,49.45879015635215,0.5871428758674369,47,bimodal,1.3115471000201069,
345,True,2601,2500,27.680244636001817,-1901.323008,47.707815982956326,0.5769503741675797,33,uniform,1.0131557999993674,
346,True,2601,2500,90.97273797175849,-3133.920512,33.30931732877684,0.7320433474092503,120,uniform,3.7806226999964565,
347,True,2601,2500,61.38675898233499,-2512.60416,34.81672984874231,0.7242638204360495,81,uniform,2.717465399997309,
348,True,2601,2500,49.58498488375827,-2634.904576,32.42731819713431,0.7445918683359065,46,random,1.413510199985467,
349,True,2601,2500,68.77485472006619,-2549.375232,37.54229378704362,0.7012463069201441,102,bimodal,3.3476163999876007,
350,True,2601,2500,40.45606895950253,-1854.442752,56.39433744639764,0.6116117999296096,33,random,1.0964839999796823,
351,True,2601,2500,81.48618483694075,-5822.322688,47.60475513777972,0.6526603866695054,79,gradient,2.630237700010184,
352,True,2601,2500,61.23217741543895,-2717.961728,34.79437024085624,0.698708065230959,89,random,2.7384176999912597,
353,True,2601,2500,13.59692866480582,-1895.831808,52.59768058556283,0.33698519321455345,38,random,1.2836517000105232,
354,True,2601,2500,57.32862469679916,-5845.693952,46.68980746760807,0.41926279336612143,104,sparse,3.1616352000273764,
355,True,2601,2500,51.13108488824897,-2694.258944,32.340000952133906,0.7809732260643962,56,gradient,1.574911899981089,
356,True,2601,2500,29.40509853165938,-1575.53536,34.765685593192444,0.578657477397379,43,bimodal,1.432751999993343,
357,True,2601,2500,64.99711680537293,-2177.693184,34.83242241942333,0.4925820917677452,117,sparse,3.826826100004837,
358,True,2601,2500,57.46734964355507,-2166.623232,46.24742729147347,0.6809045003925411,49,random,1.7208234000136144,
359,True,2601,2500,78.34768313215976,-4441.826816,40.57348434404736,0.7372909350739183,85,sparse,2.6510762000107206,
360,True,2601,2500,79.38151986643763,-3568.124672,57.4024163817714,0.9188913586278576,56,random,1.7094324000063352,
361,True,2601,2500,68.54449315724784,-2925.25696,38.35660163433324,0.6394198074727113,74,bimodal,2.4996868000016548,
362,True,2601,2500,72.14678187613075,-2806.116608,29.93155332543814,0.7155801074390709,85,uniform,2.6512484999839216,
363,True,2601,2500,96.87063176078044,-5103.945728,58.26946013096008,0.9349921933465718,90,uniform,2.973995600012131,
364,True,2601,2500,78.56237134519594,-2905.541888,26.912589201116788,0.782277655270309,77,uniform,2.451307099952828,
365,True,2601,2500,87.80349320393077,-3385.452544,51.57050681262308,0.8363552565978098,84,bimodal,2.786256899998989,
366,True,2601,2500,89.56922270877395,-3894.451712,30.015653166007187,0.7319167659967013,118,gradient,3.697715700021945,
367,True,2601,2500,83.87999444622581,-3669.151232,38.08472746887059,0.9488592689581126,83,gradient,2.6897668999736197,
368,True,2601,2500,61.99568021359663,-2737.751296,36.37875937733961,0.716437056963321,73,gradient,2.257571900030598,
369,True,2601,2500,69.4920562394712,-3702.160384,52.93838561206928,0.5653157092622992,79,bimodal,2.5122519999858923,
370,True,2601,2500,96.92157347759233,-6783.867904,54.071211674511176,0.874025271728462,78,random,2.633314699982293,
371,True,2601,2500,93.85151206077495,-4961.236992,36.43292985576421,0.9167642115357987,112,uniform,3.711564199998975,
372,True,2601,2500,92.58343530355518,-3639.002112,49.52612321613805,0.7519412619598318,93,uniform,3.31227699998999,
373,True,2601,2500,80.78864803030402,-4792.536576,57.9352197563934,0.6740333851521477,101,uniform,3.6415078999707475,
374,True,2601,2500,40.7824219833716,-2277.715712,29.223327903644602,0.6928811089350687,40,sparse,1.377138699986972,
375,True,2601,2500,96.8561988579034,-6361.300992,57.551017615466755,0.9405184105320202,89,bimodal,3.3039839999983087,
376,True,2601,2500,94.83782763404058,-5532.412416,41.578404383691755,0.7736840695397739,108,uniform,3.2754358000238426,
377,True,2601,2500,66.09280824530389,-2574.030848,36.043110519677676,0.5545385373822795,101,bimodal,2.9042877000174485,
378,True,2601,2500,40.50558433911959,-2103.408128,44.7531599022839,0.3921328999233215,72,uniform,2.2363021000055596,
379,True,2601,2500,78.23878086752161,-3935.226368,46.633720033357335,0.7019481900062242,62,bimodal,2.2256343999761157,
380,True,2601,2500,17.3222544203682,-1464.19968,32.612964624877684,0.31820826023245813,85,sparse,2.7341631000163034,
381,True,2601,2500,81.10525054730029,-3275.925504,53.26665848200529,0.9611947639262054,58,gradient,1.9809225000208244,
382,True,2601,2500,32.39543330388,-1424.331008,34.32236950397919,0.6676587115914032,42,sparse,1.3343381999875419,
383,True,2601,2500,43.094857524574124,-1656.436224,26.360479218291562,0.8651501587577313,47,random,1.4419349000090733,
384,True,2601,2500,72.15968879158324,-2723.209728,40.74178255648425,0.9738518360014082,48,sparse,1.5049182000220753,
385,True,2601,2500,84.40840629945777,-3641.768448,36.312281011514735,0.7086512391607271,100,sparse,3.1503897000220604,
386,True,2601,2500,22.932566545152355,-1566.939392,33.1398351005809,0.5593233368506817,40,random,1.4204195000347681,
387,True,2601,2500,23.62062849726708,-1867.90144,37.42891710663836,0.5596664567258789,29,sparse,0.9087573999422602,
388,True,2601,2500,61.0102474485641,-2325.34272,31.73124394086264,0.8999992137408196,59,bimodal,2.0823929000180215,
389,True,2601,2500,36.6620298497031,-2146.193152,25.339213710055343,0.6719399799935589,49,random,1.5530939000309445,
390,True,2601,2500,84.0189608171215,-3112.858112,47.20599266059174,0.9477778887969526,67,gradient,2.271241100039333,
391,True,2601,2500,33.37955540564044,-1318.053248,25.172337524377408,0.9556465479941022,24,random,0.8021820000139996,
392,True,2601,2500,46.864546025092956,-1811.243264,33.8066202442129,0.5944157542921767,92,uniform,3.053496800013818,
393,True,2601,2500,44.84657229256651,-2187.634432,38.31482234153678,0.49820707124317287,102,uniform,3.2088836999610066,
394,True,2601,2500,28.232888254713973,-2310.190336,52.81422642862158,0.3490961986491691,68,random,2.1713917999877594,
395,True,2601,2500,46.090905339615816,-2182.59584,27.539046787633264,0.7519011556706612,68,gradient,2.1550488999928348,
396,True,2601,2500,18.53884226489547,-1646.288512,38.3814052101801,0.4476422178584072,43,uniform,1.3448553000343964,
397,True,2601,2500,85.02224156497363,-3090.866432,40.00853737748208,0.855383111198957,87,bimodal,2.734517200035043,
398,True,2601,2500,83.34760985611693,-4486.371328,53.2017238535736,0.6246832182849374,109,gradient,3.3088750999886543,
399,True,2601,2500,74.24107756426075,-3601.804288,48.84588606391462,0.7976878793289043,60,gradient,1.8068940000375733,
400,True,2601,2500,21.667440986526852,-2260.609024,31.96845838397096,0.7282943352408787,26,bimodal,0.7505322999786586,
401,True,2601,2500,80.79879315623313,-3451.579392,49.26833151025734,0.5692385101564552,90,sparse,2.935689000005368,
402,True,2601,2500,92.47057940809992,-3908.557056,34.26806968061622,0.9081819481225437,96,bimodal,3.208232400007546,
403,True,2601,2500,94.61973032965409,-5074.436608,31.21625473097911,0.9562470764503388,111,sparse,3.7682177999522537,
404,True,2601,2500,67.40341583878389,-2515.009024,35.60165307189439,0.6166677137855673,92,gradient,2.836486199987121,
405,True,2601,2500,44.181306928044606,-3255.872256,56.06763768992667,0.4431340322444108,80,sparse,2.4572801999747753,
406,True,2601,2500,10.361671020162955,-1241.61984,27.57168843844385,0.3548251131900132,57,gradient,1.9794563999748789,
407,True,2601,2500,23.514404803201817,-1525.924864,30.597397184779766,0.4794198171426091,69,gradient,2.3808879000134766,
408,True,2601,2500,61.63738946010472,-2267.256576,45.96594728933725,0.4497037781405321,105,uniform,3.003389200021047,
409,True,2601,2500,68.31942561884739,-5174.729216,35.858795492591526,0.5481911078571431,88,sparse,2.935225800029002,
410,True,2601,2500,87.11213593496524,-4060.977408,40.96292768784262,0.9153812783197627,100,gradient,2.879392299975734,
411,True,2601,2500,25.133891102744933,-1549.975808,29.09872327522362,0.9302916697740654,21,random,0.755171499971766,
412,True,2601,2500,44.148859604706814,-2603.04384,49.55461005335195,0.650208411962692,27,uniform,0.8846834999858402,
413,True,2601,2500,57.344079519641426,-2226.135296,26.61771672888773,0.6403806582019095,66,uniform,2.2961131000192836,
414,True,2601,2500,30.395575884922344,-2080.991232,40.56921727362803,0.6834108779858025,26,gradient,0.6978900999529287,
415,True,2601,2500,65.14091396410629,-2150.945024,51.92662680928902,0.811907236493721,51,gradient,1.7733076000004075,
416,True,2601,2500,42.11092772499418,-1767.910016,25.0783454003205,0.6419171912844892,56,gradient,1.8100578999728896,
417,True,2601,2500,51.6146155914514,-2830.550528,58.34831488457787,0.6014751222019029,56,bimodal,1.8941194000071846,
418,True,2601,2500,57.84494003649867,-2239.342592,36.17294981227515,0.9927552467296358,25,bimodal,0.6868640000466257,
419,True,2601,2500,79.07754374419618,-2732.218624,59.13513185738228,0.8468814964110727,47,uniform,1.5036550000077114,
420,True,2601,2500,42.72413321138273,-2519.062016,52.20993654608323,0.9613134180858757,21,gradient,0.6611589000094682,
421,True,2601,2500,28.987316876225975,-1633.422976,31.379072462440952,0.4425732926217748,60,sparse,2.0165312999743037,
422,True,2601,2500,86.51327977199529,-3407.131392,46.660253173659314,0.7812923853056498,86,bimodal,2.650214200024493,
423,True,2601,2500,46.33593037544793,-2077.656832,45.97208021743229,0.6829462954700763,52,gradient,1.7773741999990307,
424,True,2601,2500,54.003579962305096,-2495.209472,51.05530107420489,0.4778826385737941,72,random,2.3239528000121936,
425,True,2601,2500,40.99388540927886,-1754.146432,28.107843190120263,0.42384162079766846,95,random,2.828196799964644,
426,True,2601,2500,54.28488761068388,-2833.056256,43.93130282236277,0.4120456559193607,96,bimodal,3.044747699983418,
427,True,2601,2500,47.96923809259886,-2305.886464,44.11675214531299,0.9746948927814878,25,random,0.9172066999599338,
428,True,2601,2500,69.35455986224952,-2688.564992,47.33841356233915,0.7194375923561013,69,bimodal,2.286407000035979,
429,True,2601,2500,6.230188790931446,-1000.339904,44.321584315777855,0.33044148934999423,20,sparse,0.6991710000438616,
430,True,2601,2500,62.45868537275459,-3851.875328,51.1847180254246,0.7996459869061777,54,random,1.7116206999635324,
431,True,2601,2500,67.40614877935434,-2474.527744,27.02477833188476,0.8869973889758416,72,gradient,2.2486077999928966,
432,True,2601,2500,94.6805155517522,-4673.637888,48.0409517014473,0.7125805153071867,111,random,3.5319329000194557,
433,True,2601,2500,88.30238906388355,-3551.18336,37.94168478215087,0.7197148340642309,115,random,3.667746099992655,
434,True,2601,2500,90.08739965332278,-4570.15808,33.13902313145546,0.7689072668544247,108,gradient,3.324612500029616,
435,True,2601,2500,64.92823269436039,-2254.750464,51.72297970467653,0.5838551370496425,60,gradient,1.6761461999849416,
436,True,2601,2500,69.48247498673634,-2976.011264,33.948618345526896,0.5991991550838296,91,sparse,2.796410000009928,
437,True,2601,2500,88.13835079023491,-4473.078272,33.668151861085256,0.8518020542824996,106,sparse,3.382707200013101,
438,True,2601,2500,77.87381973523117,-4799.299072,55.06704319789468,0.7794560870657875,70,sparse,2.1218891999451444,
439,True,2601,2500,81.38410526791714,-4893.56544,59.01106681348118,0.6888960153321999,105,random,3.3155051000067033,
440,True,2601,2500,30.605459502760723,-2690.574848,59.16502292723927,0.34553001151667556,61,sparse,2.0693128000129946,
441,True,2601,2500,32.67494614169725,-1593.54048,32.17723503725199,0.6836879941566295,36,sparse,1.091523299983237,
442,True,2601,2500,65.41033150765139,-2855.622144,40.015309107035634,0.8550687678441297,33,bimodal,1.0633889000164345,
443,True,2601,2500,14.386733666809837,-1225.05152,27.286687765984958,0.6091440526457893,23,sparse,0.7322619000333361,
444,True,2601,2500,18.491805838834484,-1697.467392,53.84889328481575,0.37968733529520576,40,sparse,1.3065512999892235,
445,True,2601,2500,20.888314995536827,-1788.04608,43.38852124101216,0.3160736683516025,83,gradient,2.709822999953758,
446,True,2601,2500,89.68531300841929,-5080.150016,50.545615611471284,0.8145638672872881,80,uniform,2.5363423000089824,
447,True,2601,2500,92.655794809353,-4788.00128,47.37150187880643,0.7745080619242554,111,random,3.421536299982108,
448,True,2601,2500,18.198031655426426,-1457.741312,26.13420137468963,0.37767773334193966,67,gradient,2.201314400008414,
449,True,2601,2500,39.5259457431657,-2055.006464,56.12044332547467,0.4177825231766473,93,uniform,3.019019400002435,
450,True,2601,2500,14.343916435246706,-1535.977216,42.23259036913138,0.3313135520995359,57,uniform,1.7713878999929875,
451,True,2601,2500,38.484483295810875,-2672.174592,39.05721187038129,0.43351448502153317,115,random,3.321364999981597,
452,True,2601,2500,13.477918266657408,-2388.050432,58.58676496463391,0.3234165208170221,38,gradient,1.142444199998863,
453,True,2601,2500,60.057081131936194,-3729.172736,31.48210549390099,0.6129491876776602,98,sparse,3.1876972999889404,
454,True,2601,2500,34.500289335510416,-1551.512064,28.95155035865785,0.6456259259883678,38,uniform,0.9944676000159234,
455,True,2601,2500,96.46307957774121,-5043.414528,39.30047480516578,0.9981033806931883,73,sparse,2.223169799952302,
456,True,2601,2500,82.07568965644518,-3208.38656,41.438563552766794,0.6133587087099858,103,random,3.2320297999540344,
457,True,2601,2500,89.0857939349797,-3417.982976,38.3083297113818,0.8881778560594997,65,random,2.0546277000103146,
458,True,2601,2500,65.64867338854856,-2453.002496,46.55943363088722,0.5182967672801506,77,uniform,2.7237313999794424,
459,True,2601,2500,72.92211250263047,-3009.626368,55.48545342712127,0.572002337690887,81,bimodal,2.574357500008773,
460,True,2601,2500,72.97885665147774,-2146.628736,25.633771772805456,0.8807694492215592,97,gradient,3.3642558000283316,
461,True,2601,2500,83.55583004941924,-3547.584256,54.65531940913791,0.6221182177071165,70,gradient,2.1768620999646373,
462,True,2601,2500,76.74393097547265,-4650.417664,55.7078316849657,0.6088588061102806,85,sparse,2.567566599987913,
463,True,2601,2500,77.53004633506934,-5197.681152,56.87598192711066,0.503267146891038,112,sparse,3.582799800031353,
464,True,2601,2500,64.28107336573022,-2958.751232,44.33888198577189,0.6293987572929913,107,uniform,3.2263696000445634,
465,True,2601,2500,26.89460772969334,-2756.730112,56.229362617916586,0.41656293899997493,49,gradient,1.5464831000426784,
466,True,2601,2500,20.058525559419316,-1701.49632,31.381389678585357,0.5179008134366627,37,sparse,1.381560699956026,
467,True,2601,2500,74.86395928864734,-3343.213312,43.5295569214004,0.7332164768323287,96,gradient,3.1432150999899022,
468,True,2601,2500,98.86640233115213,-5851.761664,52.80855847814142,0.9357704272044188,117,uniform,3.9812159999855794,
469,True,2601,2500,91.87735264173493,-3350.064384,42.677654662431266,0.9811403403978426,63,bimodal,1.9158070999546908,
470,True,2601,2500,41.11199491167113,-2057.186432,41.14453859869337,0.3808693336410877,88,bimodal,2.4615594999631867,
471,True,2601,2500,17.954628340019752,-1779.941504,38.94328044956756,0.3087767901985167,50,sparse,1.7042195000103675,
472,True,2601,2500,28.365024838791886,-2068.287232,43.86760299088478,0.6392259815323723,30,uniform,0.9420887000160292,
473,True,2601,2500,32.986227897261614,-2792.724224,51.97789772562099,0.5912382884556977,26,bimodal,0.87896170001477,
474,True,2601,2500,28.222343047545117,-2080.078976,52.9307768515267,0.5686455357442735,30,bimodal,1.1450141000095755,
475,True,2601,2500,58.45771727990816,-2276.456704,27.04752984687083,0.7694465844905428,50,sparse,1.5903240999905393,
476,True,2601,2500,12.006390377472954,-853.860288,26.362912111713563,0.605948813762611,24,uniform,0.6562268999987282,
477,True,2601,2500,71.629136027051,-3163.633408,54.39050275291888,0.7675868564258005,54,gradient,1.7589141000062227,
478,True,2601,2500,72.4853211408155,-2958.122496,40.465909331689915,0.540877752876779,116,bimodal,3.5241799000068568,
479,True,2601,2500,33.16414870295014,-1929.905408,34.0330630109312,0.7030426455468778,26,sparse,1.01597359997686,
480,True,2601,2500,90.17305875018809,-5846.197248,50.96222421324204,0.7340115326491925,103,sparse,3.2680843000416644,
481,True,2601,2500,75.95791191305621,-3899.030272,55.32923768030794,0.7707478235234673,47,sparse,1.5391790000139736,
482,True,2601,2500,51.26271801488343,-2948.348672,50.42532936805431,0.4509382487061613,111,sparse,3.6701907999813557,
483,True,2601,2500,43.74106416762219,-2066.655744,28.829251798266686,0.5225280598385373,93,gradient,2.9398108999594115,
484,True,2601,2500,49.83519751181349,-1883.011328,26.969082543789675,0.9411988209334714,49,bimodal,1.5054358000052162,
485,True,2601,2500,68.13188819311564,-3198.466304,43.91674058340246,0.5691808667047776,111,gradient,3.700546799984295,
486,True,2601,2500,95.09398603291021,-6029.103616,53.01849073092034,0.9940894221776782,48,random,1.5228019999922253,
487,True,2601,2500,44.15021593085932,-2651.83872,43.186662149468134,0.4629609667734956,107,gradient,3.2484809000161476,
488,True,2601,2500,12.352912074080303,-1344.253312,25.464286007422277,0.3113068235522888,92,gradient,2.8825654000393115,
489,True,2601,2500,44.682904133973665,-2007.45344,47.11366143049369,0.8753240735064804,24,bimodal,0.6660633000428788,
490,True,2601,2500,48.17791341824326,-2556.604416,35.36362196846214,0.523488732684677,110,uniform,3.5107568000094034,
491,True,2601,2500,98.9838232274592,-5869.554176,51.76265525454417,0.9711792094915241,105,uniform,3.7314438999746926,
492,True,2601,2500,83.7743633137682,-3714.231808,45.60675339639933,0.8310777057148402,79,bimodal,2.534189800033346,
493,True,2601,2500,53.134746242141716,-2496.924416,55.292885787488586,0.8285814141682295,30,random,0.9017628999426961,
494,True,2601,2500,85.43925444214499,-4380.520448,56.348581375838044,0.8631790740872647,73,gradient,2.27636929997243,
495,True,2601,2500,52.10403755314421,-2947.619072,46.49588564540515,0.8910799204661953,29,gradient,0.9095493999775499,
496,True,2601,2500,74.12792064836644,-3784.111104,57.415146539190275,0.5264723769353246,94,sparse,2.800628400000278,
497,True,2601,2500,72.45526763396416,-3223.3984,41.2432821517602,0.7392519091516316,92,gradient,3.15174520004075,
498,True,2601,2500,99.1882222119758,-5788.372992,52.20990314996672,0.9459859360117829,84,gradient,2.653531300020404,
499,True,2601,2500,90.07076534435416,-4173.28512,57.963604281564855,0.6483143384773977,96,uniform,2.9831496000406332,
